timeStamp,elapsed,label,responseCode,responseMessage,threadName,dataType,success,failureMessage,bytes,sentBytes,grpThreads,allThreads,URL,Latency,SampleCount,ErrorCount,IdleTime,Connect
1655377551800,2,Op-1-GetModels-1,200,OK,w3sd Workflow 1-1,text,true,,312,129,1,1,http://192.168.0.87:5001/api/model,2,1,0,0,1
1655377551821,2,Op-1-GetModels-2,200,OK,w3sd Workflow 1-2,text,true,,312,129,2,2,http://192.168.0.87:5001/api/model,2,1,0,0,0
1655377551841,8,Op-1-GetModels-3,200,OK,w3sd Workflow 1-3,text,true,,312,129,3,3,http://192.168.0.87:5001/api/model,8,1,0,0,0
1655377551861,14,Op-1-GetModels-4,200,OK,w3sd Workflow 1-4,text,true,,312,129,4,4,http://192.168.0.87:5001/api/model,14,1,0,0,0
1655377551881,37,Op-1-GetModels-5,200,OK,w3sd Workflow 1-5,text,true,,312,129,6,6,http://192.168.0.87:5001/api/model,37,1,0,0,0
1655377551901,26,Op-1-GetModels-6,200,OK,w3sd Workflow 1-6,text,true,,312,129,7,7,http://192.168.0.87:5001/api/model,26,1,0,0,1
1655377551921,19,Op-1-GetModels-7,200,OK,w3sd Workflow 1-7,text,true,,312,129,7,7,http://192.168.0.87:5001/api/model,19,1,0,0,1
1655377551941,47,Op-1-GetModels-8,200,OK,w3sd Workflow 1-8,text,true,,312,129,10,10,http://192.168.0.87:5001/api/model,47,1,0,0,0
1655377551961,31,Op-1-GetModels-9,200,OK,w3sd Workflow 1-9,text,true,,312,129,10,10,http://192.168.0.87:5001/api/model,31,1,0,0,0
1655377551981,21,Op-1-GetModels-10,200,OK,w3sd Workflow 1-10,text,true,,312,129,11,11,http://192.168.0.87:5001/api/model,21,1,0,0,0
1655377552001,17,Op-1-GetModels-11,200,OK,w3sd Workflow 1-11,text,true,,312,129,11,11,http://192.168.0.87:5001/api/model,17,1,0,0,1
1655377552021,29,Op-1-GetModels-12,200,OK,w3sd Workflow 1-12,text,true,,312,129,13,13,http://192.168.0.87:5001/api/model,29,1,0,0,0
1655377552041,16,Op-1-GetModels-13,200,OK,w3sd Workflow 1-13,text,true,,312,129,13,13,http://192.168.0.87:5001/api/model,16,1,0,0,1
1655377552061,29,Op-1-GetModels-14,200,OK,w3sd Workflow 1-14,text,true,,312,129,15,15,http://192.168.0.87:5001/api/model,29,1,0,0,0
1655377552081,21,Op-1-GetModels-15,200,OK,w3sd Workflow 1-15,text,true,,312,129,16,16,http://192.168.0.87:5001/api/model,21,1,0,0,1
1655377552100,19,Op-1-GetModels-16,200,OK,w3sd Workflow 1-16,text,true,,312,129,16,16,http://192.168.0.87:5001/api/model,19,1,0,0,1
1655377552121,24,Op-1-GetModels-17,200,OK,w3sd Workflow 1-17,text,true,,312,129,18,18,http://192.168.0.87:5001/api/model,23,1,0,0,0
1655377552141,6,Op-1-GetModels-18,200,OK,w3sd Workflow 1-18,text,true,,312,129,18,18,http://192.168.0.87:5001/api/model,6,1,0,0,0
1655377552161,21,Op-1-GetModels-19,200,OK,w3sd Workflow 1-19,text,true,,312,129,20,20,http://192.168.0.87:5001/api/model,21,1,0,0,0
1655377552181,6,Op-1-GetModels-20,200,OK,w3sd Workflow 1-20,text,true,,312,129,20,20,http://192.168.0.87:5001/api/model,6,1,0,0,0
1655377552201,13,Op-1-GetModels-21,200,OK,w3sd Workflow 1-21,text,true,,312,129,21,21,http://192.168.0.87:5001/api/model,13,1,0,0,1
1655377552221,12,Op-1-GetModels-22,200,OK,w3sd Workflow 1-22,text,true,,312,129,22,22,http://192.168.0.87:5001/api/model,12,1,0,0,0
1655377552241,10,Op-1-GetModels-23,200,OK,w3sd Workflow 1-23,text,true,,312,129,23,23,http://192.168.0.87:5001/api/model,10,1,0,0,1
1655377552260,19,Op-1-GetModels-24,200,OK,w3sd Workflow 1-24,text,true,,312,129,24,24,http://192.168.0.87:5001/api/model,19,1,0,0,1
1655377552280,25,Op-1-GetModels-25,200,OK,w3sd Workflow 1-25,text,true,,312,129,26,26,http://192.168.0.87:5001/api/model,25,1,0,0,1
1655377552301,10,Op-1-GetModels-26,200,OK,w3sd Workflow 1-26,text,true,,312,129,26,26,http://192.168.0.87:5001/api/model,10,1,0,0,0
1655377552321,26,Op-1-GetModels-27,200,OK,w3sd Workflow 1-27,text,true,,312,129,28,28,http://192.168.0.87:5001/api/model,26,1,0,0,0
1655377552341,10,Op-1-GetModels-28,200,OK,w3sd Workflow 1-28,text,true,,312,129,28,28,http://192.168.0.87:5001/api/model,10,1,0,0,0
1655377552361,22,Op-1-GetModels-29,200,OK,w3sd Workflow 1-29,text,true,,312,129,30,30,http://192.168.0.87:5001/api/model,22,1,0,0,0
1655377552381,10,Op-1-GetModels-30,200,OK,w3sd Workflow 1-30,text,true,,312,129,30,30,http://192.168.0.87:5001/api/model,10,1,0,0,0
1655377552401,23,Op-1-GetModels-31,200,OK,w3sd Workflow 1-31,text,true,,312,129,32,32,http://192.168.0.87:5001/api/model,23,1,0,0,0
1655377552421,10,Op-1-GetModels-32,200,OK,w3sd Workflow 1-32,text,true,,312,129,32,32,http://192.168.0.87:5001/api/model,10,1,0,0,0
1655377552441,17,Op-1-GetModels-33,200,OK,w3sd Workflow 1-33,text,true,,312,129,33,33,http://192.168.0.87:5001/api/model,17,1,0,0,0
1655377552461,25,Op-1-GetModels-34,200,OK,w3sd Workflow 1-34,text,true,,312,129,35,35,http://192.168.0.87:5001/api/model,25,1,0,0,0
1655377552481,10,Op-1-GetModels-35,200,OK,w3sd Workflow 1-35,text,true,,312,129,35,35,http://192.168.0.87:5001/api/model,10,1,0,0,1
1655377552500,17,Op-1-GetModels-36,200,OK,w3sd Workflow 1-36,text,true,,312,129,36,36,http://192.168.0.87:5001/api/model,17,1,0,0,1
1655377552520,16,Op-1-GetModels-37,200,OK,w3sd Workflow 1-37,text,true,,312,129,37,37,http://192.168.0.87:5001/api/model,16,1,0,0,1
1655377552541,16,Op-1-GetModels-38,200,OK,w3sd Workflow 1-38,text,true,,312,129,38,38,http://192.168.0.87:5001/api/model,16,1,0,0,0
1655377552561,18,Op-1-GetModels-39,200,OK,w3sd Workflow 1-39,text,true,,312,129,39,39,http://192.168.0.87:5001/api/model,18,1,0,0,0
1655377552581,22,Op-1-GetModels-40,200,OK,w3sd Workflow 1-40,text,true,,312,129,41,41,http://192.168.0.87:5001/api/model,22,1,0,0,0
1655377552601,10,Op-1-GetModels-41,200,OK,w3sd Workflow 1-41,text,true,,312,129,41,41,http://192.168.0.87:5001/api/model,10,1,0,0,0
1655377552621,12,Op-1-GetModels-42,200,OK,w3sd Workflow 1-42,text,true,,312,129,42,42,http://192.168.0.87:5001/api/model,12,1,0,0,0
1655377552641,12,Op-1-GetModels-43,200,OK,w3sd Workflow 1-43,text,true,,312,129,43,43,http://192.168.0.87:5001/api/model,12,1,0,0,0
1655377552661,12,Op-1-GetModels-44,200,OK,w3sd Workflow 1-44,text,true,,312,129,44,44,http://192.168.0.87:5001/api/model,12,1,0,0,0
1655377552681,22,Op-1-GetModels-45,200,OK,w3sd Workflow 1-45,text,true,,312,129,46,46,http://192.168.0.87:5001/api/model,22,1,0,0,0
1655377552701,12,Op-1-GetModels-46,200,OK,w3sd Workflow 1-46,text,true,,312,129,46,46,http://192.168.0.87:5001/api/model,12,1,0,0,1
1655377552720,26,Op-1-GetModels-47,200,OK,w3sd Workflow 1-47,text,true,,312,129,48,48,http://192.168.0.87:5001/api/model,26,1,0,0,1
1655377552740,13,Op-1-GetModels-48,200,OK,w3sd Workflow 1-48,text,true,,312,129,48,48,http://192.168.0.87:5001/api/model,13,1,0,0,1
1655377552761,24,Op-1-GetModels-49,200,OK,w3sd Workflow 1-49,text,true,,312,129,50,50,http://192.168.0.87:5001/api/model,24,1,0,0,0
1655377552781,8,Op-1-GetModels-50,200,OK,w3sd Workflow 1-50,text,true,,312,129,50,50,http://192.168.0.87:5001/api/model,8,1,0,0,0
1655377551824,3930,Op-2-GetAnimations-2,200,OK,w3sd Workflow 1-2,text,true,,296,154,50,50,http://192.168.0.87:5001/api/model/character.fbx/animations,3930,1,0,0,0
1655377551803,3961,Op-2-GetAnimations-1,200,OK,w3sd Workflow 1-1,text,true,,296,154,50,50,http://192.168.0.87:5001/api/model/character.fbx/animations,3961,1,0,0,0
1655377552633,6652,Op-2-GetAnimations-42,200,OK,w3sd Workflow 1-42,text,true,,296,154,50,50,http://192.168.0.87:5001/api/model/character.fbx/animations,6652,1,0,0,0
1655377555764,3533,Op-3-GetItems-1,200,OK,w3sd Workflow 1-1,text,true,,1298,154,50,50,http://192.168.0.87:5001/api/model/character.fbx/assemblies,3533,1,0,0,1
1655377552057,10809,Op-2-GetAnimations-13,200,OK,w3sd Workflow 1-13,text,true,,296,154,50,50,http://192.168.0.87:5001/api/model/character.fbx/animations,10808,1,0,0,0
1655377552119,10834,Op-2-GetAnimations-16,200,OK,w3sd Workflow 1-16,text,true,,296,154,50,50,http://192.168.0.87:5001/api/model/character.fbx/animations,10834,1,0,0,0
1655377562954,3484,Op-3-GetItems-16,200,OK,w3sd Workflow 1-16,text,true,,1298,154,50,50,http://192.168.0.87:5001/api/model/character.fbx/assemblies,3484,1,0,0,0
1655377552486,14062,Op-2-GetAnimations-34,200,OK,w3sd Workflow 1-34,text,true,,296,154,50,50,http://192.168.0.87:5001/api/model/character.fbx/animations,14062,1,0,0,0
1655377566549,3865,Op-3-GetItems-34,200,OK,w3sd Workflow 1-34,text,true,,1298,154,50,50,http://192.168.0.87:5001/api/model/character.fbx/assemblies,3865,1,0,0,1
1655377551988,19748,Op-2-GetAnimations-8,200,OK,w3sd Workflow 1-8,text,true,,296,154,50,50,http://192.168.0.87:5001/api/model/character.fbx/animations,19748,1,0,0,1
1655377559287,12762,Op-3-GetItems-42,200,OK,w3sd Workflow 1-42,text,true,,1298,154,50,50,http://192.168.0.87:5001/api/model/character.fbx/assemblies,12762,1,0,0,0
1655377572050,3371,Op-4-HideElement-42,200,OK,w3sd Workflow 1-42,text,true,,292,424,50,50,http://192.168.0.87:5001/api/model/character.fbx/hide,3371,1,0,0,0
1655377552145,23456,Op-2-GetAnimations-17,200,OK,w3sd Workflow 1-17,text,true,,296,154,50,50,http://192.168.0.87:5001/api/model/character.fbx/animations,23456,1,0,0,0
1655377552713,26184,Op-2-GetAnimations-46,200,OK,w3sd Workflow 1-46,text,true,,296,154,50,50,http://192.168.0.87:5001/api/model/character.fbx/animations,26184,1,0,0,1
1655377575422,3783,Op-5-ShowElement-42,200,OK,w3sd Workflow 1-42,text,true,,292,375,50,50,http://192.168.0.87:5001/api/model/character.fbx/show,3783,1,0,0,0
1655377559298,23170,Op-4-HideElement-1,200,OK,w3sd Workflow 1-1,text,true,,292,424,50,50,http://192.168.0.87:5001/api/model/character.fbx/hide,23170,1,0,0,0
1655377552391,30558,Op-2-GetAnimations-30,200,OK,w3sd Workflow 1-30,text,true,,296,154,50,50,http://192.168.0.87:5001/api/model/character.fbx/animations,30558,1,0,0,0
1655377562867,23216,Op-3-GetItems-13,200,OK,w3sd Workflow 1-13,text,true,,1298,154,50,50,http://192.168.0.87:5001/api/model/character.fbx/assemblies,23216,1,0,0,0
1655377582468,3989,Op-5-ShowElement-1,200,OK,w3sd Workflow 1-1,text,true,,292,375,50,50,http://192.168.0.87:5001/api/model/character.fbx/show,3989,1,0,0,0
1655377552002,37582,Op-2-GetAnimations-10,200,OK,w3sd Workflow 1-10,text,true,,296,154,50,50,http://192.168.0.87:5001/api/model/character.fbx/animations,37582,1,0,0,1
1655377552424,37641,Op-2-GetAnimations-31,200,OK,w3sd Workflow 1-31,text,true,,296,154,50,50,http://192.168.0.87:5001/api/model/character.fbx/animations,37641,1,0,0,1
1655377552518,40643,Op-2-GetAnimations-36,200,OK,w3sd Workflow 1-36,text,true,,296,154,50,50,http://192.168.0.87:5001/api/model/character.fbx/animations,40643,1,0,0,0
1655377590066,3615,Op-3-GetItems-31,200,OK,w3sd Workflow 1-31,text,true,,1298,154,50,50,http://192.168.0.87:5001/api/model/character.fbx/assemblies,3615,1,0,0,1
1655377551940,44816,Op-2-GetAnimations-7,200,OK,w3sd Workflow 1-7,text,true,,296,154,50,50,http://192.168.0.87:5001/api/model/character.fbx/animations,44816,1,0,0,0
1655377552536,45019,Op-2-GetAnimations-37,200,OK,w3sd Workflow 1-37,text,true,,296,154,50,50,http://192.168.0.87:5001/api/model/character.fbx/animations,45019,1,0,0,1
1655377552458,47970,Op-2-GetAnimations-33,200,OK,w3sd Workflow 1-33,text,true,,296,154,50,50,http://192.168.0.87:5001/api/model/character.fbx/animations,47970,1,0,0,0
1655377593681,7046,Op-4-HideElement-31,200,OK,w3sd Workflow 1-31,text,true,,292,424,50,50,http://192.168.0.87:5001/api/model/character.fbx/hide,7046,1,0,0,1
1655377600429,4704,Op-3-GetItems-33,200,OK,w3sd Workflow 1-33,text,true,,1298,154,50,50,http://192.168.0.87:5001/api/model/character.fbx/assemblies,4704,1,0,0,0
1655377552312,53684,Op-2-GetAnimations-26,200,OK,w3sd Workflow 1-26,text,true,,296,154,50,50,http://192.168.0.87:5001/api/model/character.fbx/animations,53684,1,0,0,0
1655377600728,5395,Op-5-ShowElement-31,200,OK,w3sd Workflow 1-31,text,true,,292,375,50,50,http://192.168.0.87:5001/api/model/character.fbx/show,5395,1,0,0,0
1655377552491,57044,Op-2-GetAnimations-35,200,OK,w3sd Workflow 1-35,text,true,,296,154,50,50,http://192.168.0.87:5001/api/model/character.fbx/animations,57044,1,0,0,1
1655377589585,20097,Op-3-GetItems-10,200,OK,w3sd Workflow 1-10,text,true,,1298,154,50,50,http://192.168.0.87:5001/api/model/character.fbx/assemblies,20097,1,0,0,1
1655377551918,61251,Op-2-GetAnimations-5,200,OK,w3sd Workflow 1-5,text,true,,296,154,50,50,http://192.168.0.87:5001/api/model/character.fbx/animations,61251,1,0,0,0
1655377609535,3711,Op-3-GetItems-35,200,OK,w3sd Workflow 1-35,text,true,,1298,154,50,50,http://192.168.0.87:5001/api/model/character.fbx/assemblies,3711,1,0,0,0
1655377613169,3590,Op-3-GetItems-5,200,OK,w3sd Workflow 1-5,text,true,,1298,154,50,50,http://192.168.0.87:5001/api/model/character.fbx/assemblies,3590,1,0,0,1
1655377613246,3520,Op-4-HideElement-35,200,OK,w3sd Workflow 1-35,text,true,,292,424,50,50,http://192.168.0.87:5001/api/model/character.fbx/hide,3520,1,0,0,1
1655377616766,3327,Op-5-ShowElement-35,200,OK,w3sd Workflow 1-35,text,true,,292,375,50,50,http://192.168.0.87:5001/api/model/character.fbx/show,3327,1,0,0,0
1655377616759,3846,Op-4-HideElement-5,200,OK,w3sd Workflow 1-5,text,true,,292,424,50,50,http://192.168.0.87:5001/api/model/character.fbx/hide,3846,1,0,0,0
1655377566438,57329,Op-4-HideElement-16,200,OK,w3sd Workflow 1-16,text,true,,292,424,50,50,http://192.168.0.87:5001/api/model/character.fbx/hide,57329,1,0,0,1
1655377620605,3795,Op-5-ShowElement-5,200,OK,w3sd Workflow 1-5,text,true,,292,375,50,50,http://192.168.0.87:5001/api/model/character.fbx/show,3795,1,0,0,0
1655377552579,74876,Op-2-GetAnimations-39,200,OK,w3sd Workflow 1-39,text,true,,296,154,50,50,http://192.168.0.87:5001/api/model/character.fbx/animations,74876,1,0,0,0
1655377623766,3946,Op-5-ShowElement-16,200,OK,w3sd Workflow 1-16,text,true,,292,375,50,50,http://192.168.0.87:5001/api/model/character.fbx/show,3946,1,0,0,0
1655377571737,59304,Op-3-GetItems-8,200,OK,w3sd Workflow 1-8,text,true,,1298,154,50,50,http://192.168.0.87:5001/api/model/character.fbx/assemblies,59304,1,0,0,1
1655377627713,3720,Op-6-ChangeTextureColor-16,200,OK,w3sd Workflow 1-16,text,true,,292,388,50,50,http://192.168.0.87:5001/api/model/character.fbx/texturecolor,3720,1,0,0,0
1655377631041,3357,Op-4-HideElement-8,200,OK,w3sd Workflow 1-8,text,true,,292,424,50,50,http://192.168.0.87:5001/api/model/character.fbx/hide,3357,1,0,0,0
1655377582950,52567,Op-3-GetItems-30,200,OK,w3sd Workflow 1-30,text,true,,1298,154,50,50,http://192.168.0.87:5001/api/model/character.fbx/assemblies,52567,1,0,0,0
1655377634398,3848,Op-5-ShowElement-8,200,OK,w3sd Workflow 1-8,text,true,,292,375,50,50,http://192.168.0.87:5001/api/model/character.fbx/show,3848,1,0,0,0
1655377575602,62950,Op-3-GetItems-17,200,OK,w3sd Workflow 1-17,text,true,,1298,154,50,50,http://192.168.0.87:5001/api/model/character.fbx/assemblies,62950,1,0,0,0
1655377638246,3483,Op-6-ChangeTextureColor-8,200,OK,w3sd Workflow 1-8,text,true,,292,388,50,50,http://192.168.0.87:5001/api/model/character.fbx/texturecolor,3483,1,0,0,0
1655377638552,3605,Op-4-HideElement-17,200,OK,w3sd Workflow 1-17,text,true,,292,424,50,50,http://192.168.0.87:5001/api/model/character.fbx/hide,3605,1,0,0,0
1655377631433,14060,Op-7-ChangeTextureMaterial-16,200,OK,w3sd Workflow 1-16,text,true,,292,395,50,50,http://192.168.0.87:5001/api/model/character.fbx/texturematerial,14060,1,0,0,0
1655377642157,3422,Op-5-ShowElement-17,200,OK,w3sd Workflow 1-17,text,true,,292,375,50,50,http://192.168.0.87:5001/api/model/character.fbx/show,3422,1,0,0,0
1655377645494,3566,Op-8-GenerateAvatar-16,200,OK,w3sd Workflow 1-16,text,true,,292,364,50,50,http://192.168.0.87:5001/api/avatar,3566,1,0,0,0
1655377552100,96958,Workflow-User-16,200,"Number of samples in transaction : 8, number of failing samples : 0",w3sd Workflow 1-16,,true,,3366,2383,50,50,null,96958,1,0,1,2
1655377645579,3567,Op-6-ChangeTextureColor-17,200,OK,w3sd Workflow 1-17,text,true,,292,388,49,49,http://192.168.0.87:5001/api/model/character.fbx/texturecolor,3567,1,0,0,0
1655377552090,100489,Op-2-GetAnimations-14,200,OK,w3sd Workflow 1-14,text,true,,296,154,49,49,http://192.168.0.87:5001/api/model/character.fbx/animations,100489,1,0,0,1
1655377552251,100562,Op-2-GetAnimations-23,200,OK,w3sd Workflow 1-23,text,true,,296,154,49,49,http://192.168.0.87:5001/api/model/character.fbx/animations,100561,1,0,0,0
1655377606122,50011,Op-6-ChangeTextureColor-31,200,OK,w3sd Workflow 1-31,text,true,,292,388,49,49,http://192.168.0.87:5001/api/model/character.fbx/texturecolor,50011,1,0,0,0
1655377570414,85864,Op-4-HideElement-34,200,OK,w3sd Workflow 1-34,text,true,,292,424,49,49,http://192.168.0.87:5001/api/model/character.fbx/hide,85864,1,0,0,1
1655377656278,4519,Op-5-ShowElement-34,200,OK,w3sd Workflow 1-34,text,true,,292,375,49,49,http://192.168.0.87:5001/api/model/character.fbx/show,4519,1,0,0,0
1655377551992,109176,Op-2-GetAnimations-9,200,OK,w3sd Workflow 1-9,text,true,,296,154,49,49,http://192.168.0.87:5001/api/model/character.fbx/animations,109176,1,0,0,1
1655377552102,109815,Op-2-GetAnimations-15,200,OK,w3sd Workflow 1-15,text,true,,296,154,49,49,http://192.168.0.87:5001/api/model/character.fbx/animations,109815,1,0,0,0
1655377661169,3549,Op-3-GetItems-9,200,OK,w3sd Workflow 1-9,text,true,,1298,154,49,49,http://192.168.0.87:5001/api/model/character.fbx/assemblies,3549,1,0,0,0
1655377652580,13027,Op-3-GetItems-14,200,OK,w3sd Workflow 1-14,text,true,,1298,154,49,49,http://192.168.0.87:5001/api/model/character.fbx/assemblies,13027,1,0,0,0
1655377552215,115971,Op-2-GetAnimations-21,200,OK,w3sd Workflow 1-21,text,true,,296,154,49,49,http://192.168.0.87:5001/api/model/character.fbx/animations,115971,1,0,0,0
1655377649146,19977,Op-7-ChangeTextureMaterial-17,200,OK,w3sd Workflow 1-17,text,true,,292,395,49,49,http://192.168.0.87:5001/api/model/character.fbx/texturematerial,19977,1,0,0,0
1655377668187,3546,Op-3-GetItems-21,200,OK,w3sd Workflow 1-21,text,true,,1298,154,49,49,http://192.168.0.87:5001/api/model/character.fbx/assemblies,3546,1,0,0,1
1655377661918,10834,Op-3-GetItems-15,200,OK,w3sd Workflow 1-15,text,true,,1298,154,49,49,http://192.168.0.87:5001/api/model/character.fbx/assemblies,10834,1,0,0,1
1655377671734,3696,Op-4-HideElement-21,200,OK,w3sd Workflow 1-21,text,true,,292,424,49,49,http://192.168.0.87:5001/api/model/character.fbx/hide,3696,1,0,0,0
1655377552018,124780,Op-2-GetAnimations-11,200,OK,w3sd Workflow 1-11,text,true,,296,154,49,49,http://192.168.0.87:5001/api/model/character.fbx/animations,124780,1,0,0,0
1655377675430,3879,Op-5-ShowElement-21,200,OK,w3sd Workflow 1-21,text,true,,292,375,49,49,http://192.168.0.87:5001/api/model/character.fbx/show,3879,1,0,0,0
1655377555755,123733,Op-3-GetItems-2,200,OK,w3sd Workflow 1-2,text,true,,1298,154,49,49,http://192.168.0.87:5001/api/model/character.fbx/assemblies,123733,1,0,0,0
1655377660797,21909,Op-6-ChangeTextureColor-34,200,OK,w3sd Workflow 1-34,text,true,,292,388,49,49,http://192.168.0.87:5001/api/model/character.fbx/texturecolor,21909,1,0,0,0
1655377552604,130652,Op-2-GetAnimations-40,200,OK,w3sd Workflow 1-40,text,true,,296,154,49,49,http://192.168.0.87:5001/api/model/character.fbx/animations,130652,1,0,0,0
1655377605996,80294,Op-3-GetItems-26,200,OK,w3sd Workflow 1-26,text,true,,1298,154,49,49,http://192.168.0.87:5001/api/model/character.fbx/assemblies,80294,1,0,0,0
1655377597556,89282,Op-3-GetItems-37,200,OK,w3sd Workflow 1-37,text,true,,1298,154,49,49,http://192.168.0.87:5001/api/model/character.fbx/assemblies,89282,1,0,0,0
1655377552147,137716,Op-2-GetAnimations-18,200,OK,w3sd Workflow 1-18,text,true,,296,154,49,49,http://192.168.0.87:5001/api/model/character.fbx/animations,137716,1,0,0,0
1655377686838,3604,Op-4-HideElement-37,200,OK,w3sd Workflow 1-37,text,true,,292,424,49,49,http://192.168.0.87:5001/api/model/character.fbx/hide,3604,1,0,0,0
1655377552557,140952,Op-2-GetAnimations-38,200,OK,w3sd Workflow 1-38,text,true,,296,154,49,49,http://192.168.0.87:5001/api/model/character.fbx/animations,140952,1,0,0,1
1655377690442,3517,Op-5-ShowElement-37,200,OK,w3sd Workflow 1-37,text,true,,292,375,49,49,http://192.168.0.87:5001/api/model/character.fbx/show,3517,1,0,0,0
1655377552279,144723,Op-2-GetAnimations-24,200,OK,w3sd Workflow 1-24,text,true,,296,154,49,49,http://192.168.0.87:5001/api/model/character.fbx/animations,144723,1,0,0,0
1655377689863,7799,Op-3-GetItems-18,200,OK,w3sd Workflow 1-18,text,true,,1298,154,49,49,http://192.168.0.87:5001/api/model/character.fbx/assemblies,7799,1,0,0,0
1655377697003,3403,Op-3-GetItems-24,200,OK,w3sd Workflow 1-24,text,true,,1298,154,49,49,http://192.168.0.87:5001/api/model/character.fbx/assemblies,3403,1,0,0,0
1655377693510,7737,Op-3-GetItems-38,200,OK,w3sd Workflow 1-38,text,true,,1298,154,49,49,http://192.168.0.87:5001/api/model/character.fbx/assemblies,7737,1,0,0,0
1655377579205,124656,Op-6-ChangeTextureColor-42,200,OK,w3sd Workflow 1-42,text,true,,292,388,49,49,http://192.168.0.87:5001/api/model/character.fbx/texturecolor,124656,1,0,0,0
1655377701248,3742,Op-4-HideElement-38,200,OK,w3sd Workflow 1-38,text,true,,292,424,49,49,http://192.168.0.87:5001/api/model/character.fbx/hide,3742,1,0,0,0
1655377664719,45119,Op-4-HideElement-9,200,OK,w3sd Workflow 1-9,text,true,,292,424,49,49,http://192.168.0.87:5001/api/model/character.fbx/hide,45118,1,0,0,0
1655377624400,87419,Op-6-ChangeTextureColor-5,200,OK,w3sd Workflow 1-5,text,true,,292,388,49,49,http://192.168.0.87:5001/api/model/character.fbx/texturecolor,87419,1,0,0,1
1655377704990,6976,Op-5-ShowElement-38,200,OK,w3sd Workflow 1-38,text,true,,292,375,49,49,http://192.168.0.87:5001/api/model/character.fbx/show,6976,1,0,0,0
1655377586457,125753,Op-6-ChangeTextureColor-1,200,OK,w3sd Workflow 1-1,text,true,,292,388,49,49,http://192.168.0.87:5001/api/model/character.fbx/texturecolor,125753,1,0,0,0
1655377709838,4755,Op-5-ShowElement-9,200,OK,w3sd Workflow 1-9,text,true,,292,375,49,49,http://192.168.0.87:5001/api/model/character.fbx/show,4755,1,0,0,0
1655377712210,3428,Op-7-ChangeTextureMaterial-1,200,OK,w3sd Workflow 1-1,text,true,,292,395,49,49,http://192.168.0.87:5001/api/model/character.fbx/texturematerial,3428,1,0,0,0
1655377714593,3650,Op-6-ChangeTextureColor-9,200,OK,w3sd Workflow 1-9,text,true,,292,388,49,49,http://192.168.0.87:5001/api/model/character.fbx/texturecolor,3650,1,0,0,0
1655377715638,3426,Op-8-GenerateAvatar-1,200,OK,w3sd Workflow 1-1,text,true,,292,364,49,49,http://192.168.0.87:5001/api/avatar,3426,1,0,0,0
1655377551800,167262,Workflow-User-1,200,"Number of samples in transaction : 8, number of failing samples : 0",w3sd Workflow 1-1,,true,,3366,2383,49,49,null,167262,1,0,1,2
1655377552051,169690,Op-2-GetAnimations-12,200,OK,w3sd Workflow 1-12,text,true,,296,154,48,48,http://192.168.0.87:5001/api/model/character.fbx/animations,169690,1,0,0,0
1655377552703,170036,Op-2-GetAnimations-45,200,OK,w3sd Workflow 1-45,text,true,,296,154,48,48,http://192.168.0.87:5001/api/model/character.fbx/animations,170036,1,0,0,0
1655377721742,4424,Op-3-GetItems-12,200,OK,w3sd Workflow 1-12,text,true,,1298,154,48,48,http://192.168.0.87:5001/api/model/character.fbx/assemblies,4424,1,0,0,0
1655377722740,4531,Op-3-GetItems-45,200,OK,w3sd Workflow 1-45,text,true,,1298,154,48,48,http://192.168.0.87:5001/api/model/character.fbx/assemblies,4531,1,0,0,0
1655377669123,58786,Op-8-GenerateAvatar-17,200,OK,w3sd Workflow 1-17,text,true,,292,364,48,48,http://192.168.0.87:5001/api/avatar,58786,1,0,0,0
1655377552120,175787,Workflow-User-17,200,"Number of samples in transaction : 8, number of failing samples : 0",w3sd Workflow 1-17,,true,,3366,2383,48,48,null,175786,1,0,1,0
1655377700406,30287,Op-4-HideElement-24,200,OK,w3sd Workflow 1-24,text,true,,292,424,47,47,http://192.168.0.87:5001/api/model/character.fbx/hide,30287,1,0,0,0
1655377679488,52346,Op-4-HideElement-2,200,OK,w3sd Workflow 1-2,text,true,,292,424,47,47,http://192.168.0.87:5001/api/model/character.fbx/hide,52346,1,0,0,0
1655377665607,70212,Op-4-HideElement-14,200,OK,w3sd Workflow 1-14,text,true,,292,424,47,47,http://192.168.0.87:5001/api/model/character.fbx/hide,70212,1,0,0,1
1655377730693,5535,Op-5-ShowElement-24,200,OK,w3sd Workflow 1-24,text,true,,292,375,47,47,http://192.168.0.87:5001/api/model/character.fbx/show,5535,1,0,0,0
1655377731835,5050,Op-5-ShowElement-2,200,OK,w3sd Workflow 1-2,text,true,,292,375,47,47,http://192.168.0.87:5001/api/model/character.fbx/show,5050,1,0,0,0
1655377735819,3687,Op-5-ShowElement-14,200,OK,w3sd Workflow 1-14,text,true,,292,375,47,47,http://192.168.0.87:5001/api/model/character.fbx/show,3687,1,0,0,0
1655377552187,188142,Op-2-GetAnimations-20,200,OK,w3sd Workflow 1-20,text,true,,296,154,47,47,http://192.168.0.87:5001/api/model/character.fbx/animations,188142,1,0,0,1
1655377739506,3652,Op-6-ChangeTextureColor-14,200,OK,w3sd Workflow 1-14,text,true,,292,388,47,47,http://192.168.0.87:5001/api/model/character.fbx/texturecolor,3652,1,0,0,0
1655377740330,3474,Op-3-GetItems-20,200,OK,w3sd Workflow 1-20,text,true,,1298,154,47,47,http://192.168.0.87:5001/api/model/character.fbx/assemblies,3474,1,0,0,0
1655377743157,3746,Op-7-ChangeTextureMaterial-14,200,OK,w3sd Workflow 1-14,text,true,,292,395,47,47,http://192.168.0.87:5001/api/model/character.fbx/texturematerial,3746,1,0,0,0
1655377552746,194687,Op-2-GetAnimations-47,200,OK,w3sd Workflow 1-47,text,true,,296,154,47,47,http://192.168.0.87:5001/api/model/character.fbx/animations,194687,1,0,0,1
1655377746903,3520,Op-8-GenerateAvatar-14,200,OK,w3sd Workflow 1-14,text,true,,292,364,47,47,http://192.168.0.87:5001/api/avatar,3520,1,0,0,1
1655377552061,198362,Workflow-User-14,200,"Number of samples in transaction : 8, number of failing samples : 0",w3sd Workflow 1-14,,true,,3366,2383,47,47,null,198362,1,0,0,3
1655377552305,198628,Op-2-GetAnimations-25,200,OK,w3sd Workflow 1-25,text,true,,296,154,46,46,http://192.168.0.87:5001/api/model/character.fbx/animations,198628,1,0,0,0
1655377641729,112217,Op-7-ChangeTextureMaterial-8,200,OK,w3sd Workflow 1-8,text,true,,292,395,46,46,http://192.168.0.87:5001/api/model/character.fbx/texturematerial,112217,1,0,0,0
1655377552753,201737,Op-2-GetAnimations-48,200,OK,w3sd Workflow 1-48,text,true,,296,154,46,46,http://192.168.0.87:5001/api/model/character.fbx/animations,201737,1,0,0,0
1655377753945,3493,Op-8-GenerateAvatar-8,200,OK,w3sd Workflow 1-8,text,true,,292,364,46,46,http://192.168.0.87:5001/api/avatar,3492,1,0,0,0
1655377551940,205497,Workflow-User-8,200,"Number of samples in transaction : 8, number of failing samples : 0",w3sd Workflow 1-8,,true,,3366,2383,46,46,null,205496,1,0,1,2
1655377754490,3755,Op-3-GetItems-48,200,OK,w3sd Workflow 1-48,text,true,,1298,154,45,45,http://192.168.0.87:5001/api/model/character.fbx/assemblies,3755,1,0,0,0
1655377676798,84243,Op-3-GetItems-11,200,OK,w3sd Workflow 1-11,text,true,,1298,154,45,45,http://192.168.0.87:5001/api/model/character.fbx/assemblies,84243,1,0,0,0
1655377578898,182457,Op-3-GetItems-46,200,OK,w3sd Workflow 1-46,text,true,,1298,154,45,45,http://192.168.0.87:5001/api/model/character.fbx/assemblies,182457,1,0,0,1
1655377761041,3437,Op-4-HideElement-11,200,OK,w3sd Workflow 1-11,text,true,,292,424,45,45,http://192.168.0.87:5001/api/model/character.fbx/hide,3437,1,0,0,1
1655377758245,6586,Op-4-HideElement-48,200,OK,w3sd Workflow 1-48,text,true,,292,424,45,45,http://192.168.0.87:5001/api/model/character.fbx/hide,6586,1,0,0,0
1655377764478,3416,Op-5-ShowElement-11,200,OK,w3sd Workflow 1-11,text,true,,292,375,45,45,http://192.168.0.87:5001/api/model/character.fbx/show,3416,1,0,0,0
1655377764831,3460,Op-5-ShowElement-48,200,OK,w3sd Workflow 1-48,text,true,,292,375,45,45,http://192.168.0.87:5001/api/model/character.fbx/show,3460,1,0,0,1
1655377767896,3414,Op-6-ChangeTextureColor-11,200,OK,w3sd Workflow 1-11,text,true,,292,388,45,45,http://192.168.0.87:5001/api/model/character.fbx/texturecolor,3414,1,0,0,0
1655377605133,166591,Op-4-HideElement-33,200,OK,w3sd Workflow 1-33,text,true,,292,424,45,45,http://192.168.0.87:5001/api/model/character.fbx/hide,166591,1,0,0,0
1655377552233,222594,Op-2-GetAnimations-22,200,OK,w3sd Workflow 1-22,text,true,,296,154,45,45,http://192.168.0.87:5001/api/model/character.fbx/animations,222594,1,0,0,0
1655377771724,3389,Op-5-ShowElement-33,200,OK,w3sd Workflow 1-33,text,true,,292,375,45,45,http://192.168.0.87:5001/api/model/character.fbx/show,3389,1,0,0,1
1655377774828,3511,Op-3-GetItems-22,200,OK,w3sd Workflow 1-22,text,true,,1298,154,45,45,http://192.168.0.87:5001/api/model/character.fbx/assemblies,3511,1,0,0,0
1655377775113,3440,Op-6-ChangeTextureColor-33,200,OK,w3sd Workflow 1-33,text,true,,292,388,45,45,http://192.168.0.87:5001/api/model/character.fbx/texturecolor,3440,1,0,0,0
1655377552351,229277,Op-2-GetAnimations-28,200,OK,w3sd Workflow 1-28,text,true,,296,154,45,45,http://192.168.0.87:5001/api/model/character.fbx/animations,229277,1,0,0,0
1655377683256,98818,Op-3-GetItems-40,200,OK,w3sd Workflow 1-40,text,true,,1298,154,45,45,http://192.168.0.87:5001/api/model/character.fbx/assemblies,98818,1,0,0,0
1655377781629,3407,Op-3-GetItems-28,200,OK,w3sd Workflow 1-28,text,true,,1298,154,45,45,http://192.168.0.87:5001/api/model/character.fbx/assemblies,3407,1,0,0,0
1655377727271,58190,Op-4-HideElement-45,200,OK,w3sd Workflow 1-45,text,true,,292,424,45,45,http://192.168.0.87:5001/api/model/character.fbx/hide,58190,1,0,0,0
1655377726166,63154,Op-4-HideElement-12,200,OK,w3sd Workflow 1-12,text,true,,292,424,45,45,http://192.168.0.87:5001/api/model/character.fbx/hide,63154,1,0,0,0
1655377785037,5711,Op-4-HideElement-28,200,OK,w3sd Workflow 1-28,text,true,,292,424,45,45,http://192.168.0.87:5001/api/model/character.fbx/hide,5711,1,0,0,0
1655377785461,6014,Op-5-ShowElement-45,200,OK,w3sd Workflow 1-45,text,true,,292,375,45,45,http://192.168.0.87:5001/api/model/character.fbx/show,6014,1,0,0,0
1655377789320,3749,Op-5-ShowElement-12,200,OK,w3sd Workflow 1-12,text,true,,292,375,45,45,http://192.168.0.87:5001/api/model/character.fbx/show,3749,1,0,0,0
1655377790748,3815,Op-5-ShowElement-28,200,OK,w3sd Workflow 1-28,text,true,,292,375,45,45,http://192.168.0.87:5001/api/model/character.fbx/show,3815,1,0,0,1
1655377586084,211154,Op-4-HideElement-13,200,OK,w3sd Workflow 1-13,text,true,,292,424,45,45,http://192.168.0.87:5001/api/model/character.fbx/hide,211154,1,0,0,0
1655377635517,163907,Op-4-HideElement-30,200,OK,w3sd Workflow 1-30,text,true,,292,424,45,45,http://192.168.0.87:5001/api/model/character.fbx/hide,163907,1,0,0,1
1655377794563,5087,Op-6-ChangeTextureColor-28,200,OK,w3sd Workflow 1-28,text,true,,292,388,45,45,http://192.168.0.87:5001/api/model/character.fbx/texturecolor,5087,1,0,0,1
1655377797238,4570,Op-5-ShowElement-13,200,OK,w3sd Workflow 1-13,text,true,,292,375,45,45,http://192.168.0.87:5001/api/model/character.fbx/show,4570,1,0,0,0
1655377799424,3455,Op-5-ShowElement-30,200,OK,w3sd Workflow 1-30,text,true,,292,375,45,45,http://192.168.0.87:5001/api/model/character.fbx/show,3455,1,0,0,0
1655377620093,185286,Op-6-ChangeTextureColor-35,200,OK,w3sd Workflow 1-35,text,true,,292,388,45,45,http://192.168.0.87:5001/api/model/character.fbx/texturecolor,185285,1,0,0,0
1655377802879,3524,Op-6-ChangeTextureColor-30,200,OK,w3sd Workflow 1-30,text,true,,292,388,45,45,http://192.168.0.87:5001/api/model/character.fbx/texturecolor,3524,1,0,0,0
1655377703861,105002,Op-7-ChangeTextureMaterial-42,200,OK,w3sd Workflow 1-42,text,true,,292,395,45,45,http://192.168.0.87:5001/api/model/character.fbx/texturematerial,105002,1,0,0,1
1655377806402,3362,Op-7-ChangeTextureMaterial-30,200,OK,w3sd Workflow 1-30,text,true,,292,395,45,45,http://192.168.0.87:5001/api/model/character.fbx/texturematerial,3362,1,0,0,0
1655377808862,3325,Op-8-GenerateAvatar-42,200,OK,w3sd Workflow 1-42,text,true,,292,364,45,45,http://192.168.0.87:5001/api/avatar,3325,1,0,0,0
1655377552621,259563,Workflow-User-42,200,"Number of samples in transaction : 8, number of failing samples : 0",w3sd Workflow 1-42,,true,,3366,2383,45,45,null,259563,1,0,3,1
1655377809764,3555,Op-8-GenerateAvatar-30,200,OK,w3sd Workflow 1-30,text,true,,292,364,44,44,http://192.168.0.87:5001/api/avatar,3555,1,0,0,0
1655377552381,260938,Workflow-User-30,200,"Number of samples in transaction : 8, number of failing samples : 0",w3sd Workflow 1-30,,true,,3366,2383,44,44,null,260938,1,0,0,1
1655377736228,79335,Op-6-ChangeTextureColor-24,200,OK,w3sd Workflow 1-24,text,true,,292,388,43,43,http://192.168.0.87:5001/api/model/character.fbx/texturecolor,79335,1,0,0,1
1655377761354,55387,Op-4-HideElement-46,200,OK,w3sd Workflow 1-46,text,true,,292,424,43,43,http://192.168.0.87:5001/api/model/character.fbx/hide,55387,1,0,0,0
1655377799650,19178,Op-7-ChangeTextureMaterial-28,200,OK,w3sd Workflow 1-28,text,true,,292,395,43,43,http://192.168.0.87:5001/api/model/character.fbx/texturematerial,19178,1,0,0,0
1655377816741,3444,Op-5-ShowElement-46,200,OK,w3sd Workflow 1-46,text,true,,292,375,43,43,http://192.168.0.87:5001/api/model/character.fbx/show,3444,1,0,0,0
1655377818828,3398,Op-8-GenerateAvatar-28,200,OK,w3sd Workflow 1-28,text,true,,292,364,43,43,http://192.168.0.87:5001/api/avatar,3398,1,0,0,0
1655377552341,269883,Workflow-User-28,200,"Number of samples in transaction : 8, number of failing samples : 0",w3sd Workflow 1-28,,true,,3366,2383,43,43,null,269883,1,0,2,2
1655377820185,3316,Op-6-ChangeTextureColor-46,200,OK,w3sd Workflow 1-46,text,true,,292,388,42,42,http://192.168.0.87:5001/api/model/character.fbx/texturecolor,3316,1,0,0,0
1655377682705,145339,Op-7-ChangeTextureMaterial-34,200,OK,w3sd Workflow 1-34,text,true,,292,395,42,42,http://192.168.0.87:5001/api/model/character.fbx/texturematerial,145339,1,0,0,1
1655377672753,156973,Op-4-HideElement-15,200,OK,w3sd Workflow 1-15,text,true,,292,424,42,42,http://192.168.0.87:5001/api/model/character.fbx/hide,156973,1,0,0,0
1655377823502,6293,Op-7-ChangeTextureMaterial-46,200,OK,w3sd Workflow 1-46,text,true,,292,395,42,42,http://192.168.0.87:5001/api/model/character.fbx/texturematerial,6293,1,0,0,0
1655377552789,277060,Op-2-GetAnimations-50,200,OK,w3sd Workflow 1-50,text,true,,296,154,42,42,http://192.168.0.87:5001/api/model/character.fbx/animations,277060,1,0,0,0
1655377829726,3372,Op-5-ShowElement-15,200,OK,w3sd Workflow 1-15,text,true,,292,375,42,42,http://192.168.0.87:5001/api/model/character.fbx/show,3372,1,0,0,0
1655377829850,3447,Op-3-GetItems-50,200,OK,w3sd Workflow 1-50,text,true,,1298,154,42,42,http://192.168.0.87:5001/api/model/character.fbx/assemblies,3447,1,0,0,0
1655377805380,31196,Op-7-ChangeTextureMaterial-35,200,OK,w3sd Workflow 1-35,text,true,,292,395,42,42,http://192.168.0.87:5001/api/model/character.fbx/texturematerial,31196,1,0,0,0
1655377552674,284059,Op-2-GetAnimations-44,200,OK,w3sd Workflow 1-44,text,true,,296,154,42,42,http://192.168.0.87:5001/api/model/character.fbx/animations,284059,1,0,0,0
1655377836577,3334,Op-8-GenerateAvatar-35,200,OK,w3sd Workflow 1-35,text,true,,292,364,42,42,http://192.168.0.87:5001/api/avatar,3334,1,0,0,0
1655377552481,287428,Workflow-User-35,200,"Number of samples in transaction : 8, number of failing samples : 0",w3sd Workflow 1-35,,true,,3366,2383,42,42,null,287427,1,0,1,3
1655377836734,3279,Op-3-GetItems-44,200,OK,w3sd Workflow 1-44,text,true,,1298,154,41,41,http://192.168.0.87:5001/api/model/character.fbx/assemblies,3279,1,0,0,0
1655377551927,291321,Op-2-GetAnimations-6,200,OK,w3sd Workflow 1-6,text,true,,296,154,41,41,http://192.168.0.87:5001/api/model/character.fbx/animations,291321,1,0,0,0
1655377552431,290924,Op-2-GetAnimations-32,200,OK,w3sd Workflow 1-32,text,true,,296,154,41,41,http://192.168.0.87:5001/api/model/character.fbx/animations,290924,1,0,0,0
1655377843249,3358,Op-3-GetItems-6,200,OK,w3sd Workflow 1-6,text,true,,1298,154,41,41,http://192.168.0.87:5001/api/model/character.fbx/assemblies,3358,1,0,0,0
1655377768292,78383,Op-6-ChangeTextureColor-48,200,OK,w3sd Workflow 1-48,text,true,,292,388,41,41,http://192.168.0.87:5001/api/model/character.fbx/texturecolor,78383,1,0,0,0
1655377846675,3294,Op-7-ChangeTextureMaterial-48,200,OK,w3sd Workflow 1-48,text,true,,292,395,41,41,http://192.168.0.87:5001/api/model/character.fbx/texturematerial,3294,1,0,0,1
1655377711966,138133,Op-6-ChangeTextureColor-38,200,OK,w3sd Workflow 1-38,text,true,,292,388,41,41,http://192.168.0.87:5001/api/model/character.fbx/texturecolor,138133,1,0,0,0
1655377736885,116641,Op-6-ChangeTextureColor-2,200,OK,w3sd Workflow 1-2,text,true,,292,388,41,41,http://192.168.0.87:5001/api/model/character.fbx/texturecolor,116641,1,0,0,1
1655377693959,159700,Op-6-ChangeTextureColor-37,200,OK,w3sd Workflow 1-37,text,true,,292,388,41,41,http://192.168.0.87:5001/api/model/character.fbx/texturecolor,159700,1,0,0,0
1655377853526,3400,Op-7-ChangeTextureMaterial-2,200,OK,w3sd Workflow 1-2,text,true,,292,395,41,41,http://192.168.0.87:5001/api/model/character.fbx/texturematerial,3400,1,0,0,0
1655377843356,13723,Op-3-GetItems-32,200,OK,w3sd Workflow 1-32,text,true,,1298,154,41,41,http://192.168.0.87:5001/api/model/character.fbx/assemblies,13723,1,0,0,0
1655377857079,3263,Op-4-HideElement-32,200,OK,w3sd Workflow 1-32,text,true,,292,424,41,41,http://192.168.0.87:5001/api/model/character.fbx/hide,3263,1,0,0,1
1655377856926,3424,Op-8-GenerateAvatar-2,200,OK,w3sd Workflow 1-2,text,true,,292,364,41,41,http://192.168.0.87:5001/api/avatar,3424,1,0,0,1
1655377551820,308526,Workflow-User-2,200,"Number of samples in transaction : 8, number of failing samples : 0",w3sd Workflow 1-2,,true,,3366,2383,41,41,null,308526,1,0,3,2
1655377860342,3319,Op-5-ShowElement-32,200,OK,w3sd Workflow 1-32,text,true,,292,375,40,40,http://192.168.0.87:5001/api/model/character.fbx/show,3319,1,0,0,0
1655377743803,119960,Op-4-HideElement-20,200,OK,w3sd Workflow 1-20,text,true,,292,424,40,40,http://192.168.0.87:5001/api/model/character.fbx/hide,119960,1,0,0,1
1655377679308,187721,Op-6-ChangeTextureColor-21,200,OK,w3sd Workflow 1-21,text,true,,292,388,40,40,http://192.168.0.87:5001/api/model/character.fbx/texturecolor,187721,1,0,0,1
1655377863763,3458,Op-5-ShowElement-20,200,OK,w3sd Workflow 1-20,text,true,,292,375,40,40,http://192.168.0.87:5001/api/model/character.fbx/show,3458,1,0,0,0
1655377867029,3311,Op-7-ChangeTextureMaterial-21,200,OK,w3sd Workflow 1-21,text,true,,292,395,40,40,http://192.168.0.87:5001/api/model/character.fbx/texturematerial,3311,1,0,0,0
1655377867221,3372,Op-6-ChangeTextureColor-20,200,OK,w3sd Workflow 1-20,text,true,,292,388,40,40,http://192.168.0.87:5001/api/model/character.fbx/texturecolor,3371,1,0,0,0
1655377870340,3312,Op-8-GenerateAvatar-21,200,OK,w3sd Workflow 1-21,text,true,,292,364,40,40,http://192.168.0.87:5001/api/avatar,3312,1,0,0,1
1655377552201,321449,Workflow-User-21,200,"Number of samples in transaction : 8, number of failing samples : 0",w3sd Workflow 1-21,,true,,3366,2383,40,40,null,321449,1,0,3,4
1655377801808,72123,Op-6-ChangeTextureColor-13,200,OK,w3sd Workflow 1-13,text,true,,292,388,39,39,http://192.168.0.87:5001/api/model/character.fbx/texturecolor,72123,1,0,0,0
1655377870593,6470,Op-7-ChangeTextureMaterial-20,200,OK,w3sd Workflow 1-20,text,true,,292,395,39,39,http://192.168.0.87:5001/api/model/character.fbx/texturematerial,6470,1,0,0,0
1655377711820,165369,Op-7-ChangeTextureMaterial-5,200,OK,w3sd Workflow 1-5,text,true,,292,395,39,39,http://192.168.0.87:5001/api/model/character.fbx/texturematerial,165369,1,0,0,0
1655377877063,3282,Op-8-GenerateAvatar-20,200,OK,w3sd Workflow 1-20,text,true,,292,364,39,39,http://192.168.0.87:5001/api/avatar,3282,1,0,0,0
1655377552181,328164,Workflow-User-20,200,"Number of samples in transaction : 8, number of failing samples : 0",w3sd Workflow 1-20,,true,,3366,2383,39,39,null,328163,1,0,0,2
1655377877188,3322,Op-8-GenerateAvatar-5,200,OK,w3sd Workflow 1-5,text,true,,292,364,38,38,http://192.168.0.87:5001/api/avatar,3322,1,0,0,0
1655377551881,328629,Workflow-User-5,200,"Number of samples in transaction : 8, number of failing samples : 0",w3sd Workflow 1-5,,true,,3366,2383,38,38,null,328629,1,0,0,2
1655377840013,43673,Op-4-HideElement-44,200,OK,w3sd Workflow 1-44,text,true,,292,424,37,37,http://192.168.0.87:5001/api/model/character.fbx/hide,43673,1,0,0,1
1655377833098,50719,Op-6-ChangeTextureColor-15,200,OK,w3sd Workflow 1-15,text,true,,292,388,37,37,http://192.168.0.87:5001/api/model/character.fbx/texturecolor,50719,1,0,0,0
1655377883686,3342,Op-5-ShowElement-44,200,OK,w3sd Workflow 1-44,text,true,,292,375,37,37,http://192.168.0.87:5001/api/model/character.fbx/show,3342,1,0,0,0
1655377686291,200853,Op-4-HideElement-26,200,OK,w3sd Workflow 1-26,text,true,,292,424,37,37,http://192.168.0.87:5001/api/model/character.fbx/hide,200853,1,0,0,0
1655377887145,3248,Op-5-ShowElement-26,200,OK,w3sd Workflow 1-26,text,true,,292,375,37,37,http://192.168.0.87:5001/api/model/character.fbx/show,3248,1,0,0,0
1655377656134,234259,Op-7-ChangeTextureMaterial-31,200,OK,w3sd Workflow 1-31,text,true,,292,395,37,37,http://192.168.0.87:5001/api/model/character.fbx/texturematerial,234259,1,0,0,1
1655377552347,341190,Op-2-GetAnimations-27,200,OK,w3sd Workflow 1-27,text,true,,296,154,37,37,http://192.168.0.87:5001/api/model/character.fbx/animations,341190,1,0,0,1
1655377552653,341128,Op-2-GetAnimations-43,200,OK,w3sd Workflow 1-43,text,true,,296,154,37,37,http://192.168.0.87:5001/api/model/character.fbx/animations,341128,1,0,0,1
1655377890394,6429,Op-8-GenerateAvatar-31,200,OK,w3sd Workflow 1-31,text,true,,292,364,37,37,http://192.168.0.87:5001/api/avatar,6429,1,0,0,0
1655377552401,344419,Workflow-User-31,200,"Number of samples in transaction : 8, number of failing samples : 0",w3sd Workflow 1-31,,true,,3366,2383,37,37,null,344419,1,0,2,4
1655377893782,3478,Op-3-GetItems-43,200,OK,w3sd Workflow 1-43,text,true,,1298,154,36,36,http://192.168.0.87:5001/api/model/character.fbx/assemblies,3478,1,0,0,0
1655377552182,347853,Op-2-GetAnimations-19,200,OK,w3sd Workflow 1-19,text,true,,296,154,36,36,http://192.168.0.87:5001/api/model/character.fbx/animations,347853,1,0,0,0
1655377849969,50973,Op-8-GenerateAvatar-48,200,OK,w3sd Workflow 1-48,text,true,,292,364,36,36,http://192.168.0.87:5001/api/avatar,50973,1,0,0,0
1655377552740,348201,Workflow-User-48,200,"Number of samples in transaction : 8, number of failing samples : 0",w3sd Workflow 1-48,,true,,3366,2383,36,36,null,348201,1,0,0,3
1655377552785,350407,Op-2-GetAnimations-49,200,OK,w3sd Workflow 1-49,text,true,,296,154,35,35,http://192.168.0.87:5001/api/model/character.fbx/animations,350407,1,0,0,0
1655377900036,3957,Op-3-GetItems-19,200,OK,w3sd Workflow 1-19,text,true,,1298,154,35,35,http://192.168.0.87:5001/api/model/character.fbx/assemblies,3957,1,0,0,1
1655377778553,127870,Op-7-ChangeTextureMaterial-33,200,OK,w3sd Workflow 1-33,text,true,,292,395,35,35,http://192.168.0.87:5001/api/model/character.fbx/texturematerial,127870,1,0,0,1
1655377627456,279889,Op-3-GetItems-39,200,OK,w3sd Workflow 1-39,text,true,,1298,154,35,35,http://192.168.0.87:5001/api/model/character.fbx/assemblies,279889,1,0,0,1
1655377906424,3498,Op-8-GenerateAvatar-33,200,OK,w3sd Workflow 1-33,text,true,,292,364,35,35,http://192.168.0.87:5001/api/avatar,3498,1,0,0,0
1655377552441,357479,Workflow-User-33,200,"Number of samples in transaction : 8, number of failing samples : 0",w3sd Workflow 1-33,,true,,3366,2383,35,35,null,357479,1,0,1,2
1655377907345,3094,Op-4-HideElement-39,200,OK,w3sd Workflow 1-39,text,true,,292,424,34,34,http://192.168.0.87:5001/api/model/character.fbx/hide,3094,1,0,0,0
1655377873930,39188,Op-7-ChangeTextureMaterial-13,200,OK,w3sd Workflow 1-13,text,true,,292,395,34,34,http://192.168.0.87:5001/api/model/character.fbx/texturematerial,39188,1,0,0,0
1655377910439,3316,Op-5-ShowElement-39,200,OK,w3sd Workflow 1-39,text,true,,292,375,34,34,http://192.168.0.87:5001/api/model/character.fbx/show,3316,1,0,0,0
1655377893538,22851,Op-3-GetItems-27,200,OK,w3sd Workflow 1-27,text,true,,1298,154,34,34,http://192.168.0.87:5001/api/model/character.fbx/assemblies,22851,1,0,0,0
1655377913755,3738,Op-6-ChangeTextureColor-39,200,OK,w3sd Workflow 1-39,text,true,,292,388,34,34,http://192.168.0.87:5001/api/model/character.fbx/texturecolor,3738,1,0,0,0
1655377916389,3564,Op-4-HideElement-27,200,OK,w3sd Workflow 1-27,text,true,,292,424,34,34,http://192.168.0.87:5001/api/model/character.fbx/hide,3564,1,0,0,0
1655377903993,15985,Op-4-HideElement-19,200,OK,w3sd Workflow 1-19,text,true,,292,424,34,34,http://192.168.0.87:5001/api/model/character.fbx/hide,15985,1,0,0,0
1655377919953,3204,Op-5-ShowElement-27,200,OK,w3sd Workflow 1-27,text,true,,292,375,34,34,http://192.168.0.87:5001/api/model/character.fbx/show,3204,1,0,0,1
1655377919978,3238,Op-5-ShowElement-19,200,OK,w3sd Workflow 1-19,text,true,,292,375,34,34,http://192.168.0.87:5001/api/model/character.fbx/show,3238,1,0,0,1
1655377923156,3158,Op-6-ChangeTextureColor-27,200,OK,w3sd Workflow 1-27,text,true,,292,388,34,34,http://192.168.0.87:5001/api/model/character.fbx/texturecolor,3158,1,0,0,1
1655377923215,3355,Op-6-ChangeTextureColor-19,200,OK,w3sd Workflow 1-19,text,true,,292,388,34,34,http://192.168.0.87:5001/api/model/character.fbx/texturecolor,3354,1,0,0,0
1655377913119,17265,Op-8-GenerateAvatar-13,200,OK,w3sd Workflow 1-13,text,true,,292,364,34,34,http://192.168.0.87:5001/api/avatar,17265,1,0,0,1
1655377552041,378341,Workflow-User-13,200,"Number of samples in transaction : 8, number of failing samples : 0",w3sd Workflow 1-13,,true,,3366,2383,34,34,null,378340,1,0,2,2
1655377926314,4870,Op-7-ChangeTextureMaterial-27,200,OK,w3sd Workflow 1-27,text,true,,292,395,33,33,http://192.168.0.87:5001/api/model/character.fbx/texturematerial,4870,1,0,0,0
1655377926570,5067,Op-7-ChangeTextureMaterial-19,200,OK,w3sd Workflow 1-19,text,true,,292,395,33,33,http://192.168.0.87:5001/api/model/character.fbx/texturematerial,5067,1,0,0,0
1655377747433,187091,Op-3-GetItems-47,200,OK,w3sd Workflow 1-47,text,true,,1298,154,33,33,http://192.168.0.87:5001/api/model/character.fbx/assemblies,187091,1,0,0,0
1655377931637,3185,Op-8-GenerateAvatar-19,200,OK,w3sd Workflow 1-19,text,true,,292,364,33,33,http://192.168.0.87:5001/api/avatar,3185,1,0,0,0
1655377552161,382661,Workflow-User-19,200,"Number of samples in transaction : 8, number of failing samples : 0",w3sd Workflow 1-19,,true,,3366,2383,33,33,null,382660,1,0,0,2
1655377934524,3244,Op-4-HideElement-47,200,OK,w3sd Workflow 1-47,text,true,,292,424,32,32,http://192.168.0.87:5001/api/model/character.fbx/hide,3244,1,0,0,0
1655377552611,385564,Op-2-GetAnimations-41,200,OK,w3sd Workflow 1-41,text,true,,296,154,32,32,http://192.168.0.87:5001/api/model/character.fbx/animations,385564,1,0,0,0
1655377937768,3162,Op-5-ShowElement-47,200,OK,w3sd Workflow 1-47,text,true,,292,375,32,32,http://192.168.0.87:5001/api/model/character.fbx/show,3162,1,0,0,0
1655377938176,3286,Op-3-GetItems-41,200,OK,w3sd Workflow 1-41,text,true,,1298,154,32,32,http://192.168.0.87:5001/api/model/character.fbx/assemblies,3285,1,0,0,0
1655377609681,334659,Op-4-HideElement-10,200,OK,w3sd Workflow 1-10,text,true,,292,424,32,32,http://192.168.0.87:5001/api/model/character.fbx/hide,334659,1,0,0,0
1655377931184,13639,Op-8-GenerateAvatar-27,200,OK,w3sd Workflow 1-27,text,true,,292,364,32,32,http://192.168.0.87:5001/api/avatar,13639,1,0,0,0
1655377552320,392502,Workflow-User-27,200,"Number of samples in transaction : 8, number of failing samples : 0",w3sd Workflow 1-27,,true,,3366,2383,32,32,null,392502,1,0,1,3
1655377778339,169274,Op-4-HideElement-22,200,OK,w3sd Workflow 1-22,text,true,,292,424,31,31,http://192.168.0.87:5001/api/model/character.fbx/hide,169274,1,0,0,0
1655377944341,3493,Op-5-ShowElement-10,200,OK,w3sd Workflow 1-10,text,true,,292,375,31,31,http://192.168.0.87:5001/api/model/character.fbx/show,3493,1,0,0,0
1655377947613,3119,Op-5-ShowElement-22,200,OK,w3sd Workflow 1-22,text,true,,292,375,31,31,http://192.168.0.87:5001/api/model/character.fbx/show,3119,1,0,0,0
1655377947834,3341,Op-6-ChangeTextureColor-10,200,OK,w3sd Workflow 1-10,text,true,,292,388,31,31,http://192.168.0.87:5001/api/model/character.fbx/texturecolor,3341,1,0,0,0
1655377941463,12490,Op-4-HideElement-41,200,OK,w3sd Workflow 1-41,text,true,,292,424,31,31,http://192.168.0.87:5001/api/model/character.fbx/hide,12490,1,0,0,0
1655377951175,3243,Op-7-ChangeTextureMaterial-10,200,OK,w3sd Workflow 1-10,text,true,,292,395,31,31,http://192.168.0.87:5001/api/model/character.fbx/texturematerial,3243,1,0,0,0
1655377887028,70290,Op-6-ChangeTextureColor-44,200,OK,w3sd Workflow 1-44,text,true,,292,388,31,31,http://192.168.0.87:5001/api/model/character.fbx/texturecolor,70290,1,0,0,0
1655377953953,3476,Op-5-ShowElement-41,200,OK,w3sd Workflow 1-41,text,true,,292,375,31,31,http://192.168.0.87:5001/api/model/character.fbx/show,3476,1,0,0,1
1655377957319,3275,Op-7-ChangeTextureMaterial-44,200,OK,w3sd Workflow 1-44,text,true,,292,395,31,31,http://192.168.0.87:5001/api/model/character.fbx/texturematerial,3275,1,0,0,0
1655377957429,3232,Op-6-ChangeTextureColor-41,200,OK,w3sd Workflow 1-41,text,true,,292,388,31,31,http://192.168.0.87:5001/api/model/character.fbx/texturecolor,3232,1,0,0,1
1655377960661,3114,Op-7-ChangeTextureMaterial-41,200,OK,w3sd Workflow 1-41,text,true,,292,395,31,31,http://192.168.0.87:5001/api/model/character.fbx/texturematerial,3114,1,0,0,0
1655377960594,3226,Op-8-GenerateAvatar-44,200,OK,w3sd Workflow 1-44,text,true,,292,364,31,31,http://192.168.0.87:5001/api/avatar,3226,1,0,0,0
1655377552661,411156,Workflow-User-44,200,"Number of samples in transaction : 8, number of failing samples : 0",w3sd Workflow 1-44,,true,,3366,2383,31,31,null,411156,1,0,2,1
1655377963775,3104,Op-8-GenerateAvatar-41,200,OK,w3sd Workflow 1-41,text,true,,292,364,30,30,http://192.168.0.87:5001/api/avatar,3104,1,0,0,0
1655377552601,414276,Workflow-User-41,200,"Number of samples in transaction : 8, number of failing samples : 0",w3sd Workflow 1-41,,true,,3366,2383,30,30,null,414275,1,0,2,2
1655377853660,113458,Op-7-ChangeTextureMaterial-37,200,OK,w3sd Workflow 1-37,text,true,,292,395,29,29,http://192.168.0.87:5001/api/model/character.fbx/texturematerial,113458,1,0,0,0
1655377815563,154538,Op-7-ChangeTextureMaterial-24,200,OK,w3sd Workflow 1-24,text,true,,292,395,29,29,http://192.168.0.87:5001/api/model/character.fbx/texturematerial,154538,1,0,0,0
1655377833297,136931,Op-4-HideElement-50,200,OK,w3sd Workflow 1-50,text,true,,292,424,29,29,http://192.168.0.87:5001/api/model/character.fbx/hide,136931,1,0,0,0
1655377917493,55811,Op-7-ChangeTextureMaterial-39,200,OK,w3sd Workflow 1-39,text,true,,292,395,29,29,http://192.168.0.87:5001/api/model/character.fbx/texturematerial,55811,1,0,0,0
1655377970228,3143,Op-5-ShowElement-50,200,OK,w3sd Workflow 1-50,text,true,,292,375,29,29,http://192.168.0.87:5001/api/model/character.fbx/show,3143,1,0,0,0
1655377846607,129882,Op-4-HideElement-6,200,OK,w3sd Workflow 1-6,text,true,,292,424,29,29,http://192.168.0.87:5001/api/model/character.fbx/hide,129882,1,0,0,0
1655377897260,79282,Op-4-HideElement-43,200,OK,w3sd Workflow 1-43,text,true,,292,424,29,29,http://192.168.0.87:5001/api/model/character.fbx/hide,79282,1,0,0,0
1655377976542,2925,Op-5-ShowElement-43,200,OK,w3sd Workflow 1-43,text,true,,292,375,29,29,http://192.168.0.87:5001/api/model/character.fbx/show,2925,1,0,0,1
1655377976489,3270,Op-5-ShowElement-6,200,OK,w3sd Workflow 1-6,text,true,,292,375,29,29,http://192.168.0.87:5001/api/model/character.fbx/show,3270,1,0,0,1
1655377967119,15426,Op-8-GenerateAvatar-37,200,OK,w3sd Workflow 1-37,text,true,,292,364,29,29,http://192.168.0.87:5001/api/avatar,15426,1,0,0,0
1655377552520,430022,Workflow-User-37,200,"Number of samples in transaction : 8, number of failing samples : 0",w3sd Workflow 1-37,,true,,3366,2383,29,29,null,430022,1,0,2,2
1655377979759,3798,Op-6-ChangeTextureColor-6,200,OK,w3sd Workflow 1-6,text,true,,292,388,28,28,http://192.168.0.87:5001/api/model/character.fbx/texturecolor,3798,1,0,0,0
1655377973304,12659,Op-8-GenerateAvatar-39,200,OK,w3sd Workflow 1-39,text,true,,292,364,28,28,http://192.168.0.87:5001/api/avatar,12659,1,0,0,0
1655377552560,433401,Workflow-User-39,200,"Number of samples in transaction : 8, number of failing samples : 0",w3sd Workflow 1-39,,true,,3366,2383,28,28,null,433401,1,0,1,1
1655377979467,6699,Op-6-ChangeTextureColor-43,200,OK,w3sd Workflow 1-43,text,true,,292,388,27,27,http://192.168.0.87:5001/api/model/character.fbx/texturecolor,6699,1,0,0,0
1655377551875,437326,Op-2-GetAnimations-4,200,OK,w3sd Workflow 1-4,text,true,,296,154,27,27,http://192.168.0.87:5001/api/model/character.fbx/animations,437326,1,0,0,0
1655377863660,125646,Op-6-ChangeTextureColor-32,200,OK,w3sd Workflow 1-32,text,true,,292,388,27,27,http://192.168.0.87:5001/api/model/character.fbx/texturecolor,125646,1,0,0,0
1655377718243,274135,Op-7-ChangeTextureMaterial-9,200,OK,w3sd Workflow 1-9,text,true,,292,395,27,27,http://192.168.0.87:5001/api/model/character.fbx/texturematerial,274135,1,0,0,0
1655377989306,3194,Op-7-ChangeTextureMaterial-32,200,OK,w3sd Workflow 1-32,text,true,,292,395,27,27,http://192.168.0.87:5001/api/model/character.fbx/texturematerial,3194,1,0,0,1
1655377829796,165757,Op-8-GenerateAvatar-46,200,OK,w3sd Workflow 1-46,text,true,,292,364,27,27,http://192.168.0.87:5001/api/avatar,165757,1,0,0,1
1655377552701,442850,Workflow-User-46,200,"Number of samples in transaction : 8, number of failing samples : 0",w3sd Workflow 1-46,,true,,3366,2383,27,27,null,442850,1,0,1,4
1655377986165,9519,Op-7-ChangeTextureMaterial-43,200,OK,w3sd Workflow 1-43,text,true,,292,395,26,26,http://192.168.0.87:5001/api/model/character.fbx/texturematerial,9519,1,0,0,0
1655377992500,6192,Op-8-GenerateAvatar-32,200,OK,w3sd Workflow 1-32,text,true,,292,364,26,26,http://192.168.0.87:5001/api/avatar,6192,1,0,0,0
1655377552421,446271,Workflow-User-32,200,"Number of samples in transaction : 8, number of failing samples : 0",w3sd Workflow 1-32,,true,,3366,2383,26,26,null,446271,1,0,0,2
1655377995684,3105,Op-8-GenerateAvatar-43,200,OK,w3sd Workflow 1-43,text,true,,292,364,25,25,http://192.168.0.87:5001/api/avatar,3105,1,0,0,0
1655377552641,446148,Workflow-User-43,200,"Number of samples in transaction : 8, number of failing samples : 0",w3sd Workflow 1-43,,true,,3366,2383,25,25,null,446148,1,0,0,2
1655377954418,47335,Op-8-GenerateAvatar-10,200,OK,w3sd Workflow 1-10,text,true,,292,364,24,24,http://192.168.0.87:5001/api/avatar,47335,1,0,0,0
1655377551981,449771,Workflow-User-10,200,"Number of samples in transaction : 8, number of failing samples : 0",w3sd Workflow 1-10,,true,,3366,2383,24,24,null,449771,1,0,0,2
1655377970103,32004,Op-8-GenerateAvatar-24,200,OK,w3sd Workflow 1-24,text,true,,292,364,23,23,http://192.168.0.87:5001/api/avatar,32004,1,0,0,0
1655377552260,449844,Workflow-User-24,200,"Number of samples in transaction : 8, number of failing samples : 0",w3sd Workflow 1-24,,true,,3366,2383,23,23,null,449844,1,0,2,2
1655377652814,352082,Op-3-GetItems-23,200,OK,w3sd Workflow 1-23,text,true,,1298,154,22,22,http://192.168.0.87:5001/api/model/character.fbx/assemblies,352081,1,0,0,0
1655377883817,121470,Op-7-ChangeTextureMaterial-15,200,OK,w3sd Workflow 1-15,text,true,,292,395,22,22,http://192.168.0.87:5001/api/model/character.fbx/texturematerial,121470,1,0,0,1
1655378004896,3069,Op-4-HideElement-23,200,OK,w3sd Workflow 1-23,text,true,,292,424,22,22,http://192.168.0.87:5001/api/model/character.fbx/hide,3069,1,0,0,0
1655377551849,456652,Op-2-GetAnimations-3,200,OK,w3sd Workflow 1-3,text,true,,296,154,22,22,http://192.168.0.87:5001/api/model/character.fbx/animations,456652,1,0,0,0
1655378007965,3050,Op-5-ShowElement-23,200,OK,w3sd Workflow 1-23,text,true,,292,375,22,22,http://192.168.0.87:5001/api/model/character.fbx/show,3050,1,0,0,0
1655377750933,260510,Op-3-GetItems-25,200,OK,w3sd Workflow 1-25,text,true,,1298,154,22,22,http://192.168.0.87:5001/api/model/character.fbx/assemblies,260510,1,0,0,0
1655378011015,3201,Op-6-ChangeTextureColor-23,200,OK,w3sd Workflow 1-23,text,true,,292,388,22,22,http://192.168.0.87:5001/api/model/character.fbx/texturecolor,3201,1,0,0,0
1655378011444,2941,Op-4-HideElement-25,200,OK,w3sd Workflow 1-25,text,true,,292,424,22,22,http://192.168.0.87:5001/api/model/character.fbx/hide,2941,1,0,0,0
1655377782075,236401,Op-4-HideElement-40,200,OK,w3sd Workflow 1-40,text,true,,292,424,22,22,http://192.168.0.87:5001/api/model/character.fbx/hide,236401,1,0,0,1
1655378014385,4759,Op-5-ShowElement-25,200,OK,w3sd Workflow 1-25,text,true,,292,375,22,22,http://192.168.0.87:5001/api/model/character.fbx/show,4759,1,0,0,0
1655378014216,5083,Op-7-ChangeTextureMaterial-23,200,OK,w3sd Workflow 1-23,text,true,,292,395,22,22,http://192.168.0.87:5001/api/model/character.fbx/texturematerial,5083,1,0,0,0
1655378018476,3071,Op-5-ShowElement-40,200,OK,w3sd Workflow 1-40,text,true,,292,375,22,22,http://192.168.0.87:5001/api/model/character.fbx/show,3071,1,0,0,0
1655378019299,3181,Op-8-GenerateAvatar-23,200,OK,w3sd Workflow 1-23,text,true,,292,364,22,22,http://192.168.0.87:5001/api/avatar,3181,1,0,0,1
1655377552241,470238,Workflow-User-23,200,"Number of samples in transaction : 8, number of failing samples : 0",w3sd Workflow 1-23,,true,,3366,2383,22,22,null,470236,1,0,0,2
1655378021547,2991,Op-6-ChangeTextureColor-40,200,OK,w3sd Workflow 1-40,text,true,,292,388,21,21,http://192.168.0.87:5001/api/model/character.fbx/texturecolor,2991,1,0,0,0
1655377596758,428911,Op-3-GetItems-7,200,OK,w3sd Workflow 1-7,text,true,,1298,154,21,21,http://192.168.0.87:5001/api/model/character.fbx/assemblies,428911,1,0,0,0
1655378024538,3045,Op-7-ChangeTextureMaterial-40,200,OK,w3sd Workflow 1-40,text,true,,292,395,21,21,http://192.168.0.87:5001/api/model/character.fbx/texturematerial,3045,1,0,0,0
1655378025669,3094,Op-4-HideElement-7,200,OK,w3sd Workflow 1-7,text,true,,292,424,21,21,http://192.168.0.87:5001/api/model/character.fbx/hide,3094,1,0,0,0
1655378027583,3148,Op-8-GenerateAvatar-40,200,OK,w3sd Workflow 1-40,text,true,,292,364,21,21,http://192.168.0.87:5001/api/avatar,3148,1,0,0,1
1655377552580,478148,Workflow-User-40,200,"Number of samples in transaction : 8, number of failing samples : 0",w3sd Workflow 1-40,,true,,3366,2383,21,21,null,478148,1,0,3,2
1655378028764,3089,Op-5-ShowElement-7,200,OK,w3sd Workflow 1-7,text,true,,292,375,20,20,http://192.168.0.87:5001/api/model/character.fbx/show,3089,1,0,0,0
1655377593162,440866,Op-3-GetItems-36,200,OK,w3sd Workflow 1-36,text,true,,1298,154,20,20,http://192.168.0.87:5001/api/model/character.fbx/assemblies,440866,1,0,0,0
1655378031854,3123,Op-6-ChangeTextureColor-7,200,OK,w3sd Workflow 1-7,text,true,,292,388,20,20,http://192.168.0.87:5001/api/model/character.fbx/texturecolor,3123,1,0,0,0
1655377903193,133841,Op-3-GetItems-49,200,OK,w3sd Workflow 1-49,text,true,,1298,154,20,20,http://192.168.0.87:5001/api/model/character.fbx/assemblies,133841,1,0,0,1
1655378034977,3194,Op-7-ChangeTextureMaterial-7,200,OK,w3sd Workflow 1-7,text,true,,292,395,20,20,http://192.168.0.87:5001/api/model/character.fbx/texturematerial,3193,1,0,0,0
1655378037035,3197,Op-4-HideElement-49,200,OK,w3sd Workflow 1-49,text,true,,292,424,20,20,http://192.168.0.87:5001/api/model/character.fbx/hide,3197,1,0,0,0
1655378038171,3865,Op-8-GenerateAvatar-7,200,OK,w3sd Workflow 1-7,text,true,,292,364,20,20,http://192.168.0.87:5001/api/avatar,3865,1,0,0,0
1655377551921,490111,Workflow-User-7,200,"Number of samples in transaction : 8, number of failing samples : 0",w3sd Workflow 1-7,,true,,3366,2383,20,20,null,490110,1,0,3,1
1655377950732,93013,Op-6-ChangeTextureColor-22,200,OK,w3sd Workflow 1-22,text,true,,292,388,19,19,http://192.168.0.87:5001/api/model/character.fbx/texturecolor,93013,1,0,0,0
1655378040232,3805,Op-5-ShowElement-49,200,OK,w3sd Workflow 1-49,text,true,,292,375,19,19,http://192.168.0.87:5001/api/model/character.fbx/show,3805,1,0,0,0
1655377989202,57689,Op-3-GetItems-4,200,OK,w3sd Workflow 1-4,text,true,,1298,154,19,19,http://192.168.0.87:5001/api/model/character.fbx/assemblies,57689,1,0,0,0
1655378044037,3165,Op-6-ChangeTextureColor-49,200,OK,w3sd Workflow 1-49,text,true,,292,388,19,19,http://192.168.0.87:5001/api/model/character.fbx/texturecolor,3165,1,0,0,0
1655377890393,159696,Op-6-ChangeTextureColor-26,200,OK,w3sd Workflow 1-26,text,true,,292,388,19,19,http://192.168.0.87:5001/api/model/character.fbx/texturecolor,159696,1,0,0,1
1655378047201,3169,Op-7-ChangeTextureMaterial-49,200,OK,w3sd Workflow 1-49,text,true,,292,395,19,19,http://192.168.0.87:5001/api/model/character.fbx/texturematerial,3169,1,0,0,0
1655377992377,60748,Op-8-GenerateAvatar-9,200,OK,w3sd Workflow 1-9,text,true,,292,364,19,19,http://192.168.0.87:5001/api/avatar,60748,1,0,0,0
1655377551961,501163,Workflow-User-9,200,"Number of samples in transaction : 8, number of failing samples : 0",w3sd Workflow 1-9,,true,,3366,2383,19,19,null,501162,1,0,1,1
1655378050370,3217,Op-8-GenerateAvatar-49,200,OK,w3sd Workflow 1-49,text,true,,292,364,18,18,http://192.168.0.87:5001/api/avatar,3217,1,0,0,0
1655377552760,500825,Workflow-User-49,200,"Number of samples in transaction : 8, number of failing samples : 0",w3sd Workflow 1-49,,true,,3366,2383,18,18,null,500825,1,0,2,1
1655378050088,6165,Op-7-ChangeTextureMaterial-26,200,OK,w3sd Workflow 1-26,text,true,,292,395,17,17,http://192.168.0.87:5001/api/model/character.fbx/texturematerial,6165,1,0,0,0
1655377973371,83333,Op-6-ChangeTextureColor-50,200,OK,w3sd Workflow 1-50,text,true,,292,388,17,17,http://192.168.0.87:5001/api/model/character.fbx/texturecolor,83333,1,0,0,0
1655378056253,3037,Op-8-GenerateAvatar-26,200,OK,w3sd Workflow 1-26,text,true,,292,364,17,17,http://192.168.0.87:5001/api/avatar,3036,1,0,0,1
1655377552300,506987,Workflow-User-26,200,"Number of samples in transaction : 8, number of failing samples : 0",w3sd Workflow 1-26,,true,,3366,2383,17,17,null,506986,1,0,3,2
1655378056703,3052,Op-7-ChangeTextureMaterial-50,200,OK,w3sd Workflow 1-50,text,true,,292,395,16,16,http://192.168.0.87:5001/api/model/character.fbx/texturematerial,3052,1,0,0,0
1655377940932,121318,Op-6-ChangeTextureColor-47,200,OK,w3sd Workflow 1-47,text,true,,292,388,16,16,http://192.168.0.87:5001/api/model/character.fbx/texturecolor,121318,1,0,0,0
1655378059755,3109,Op-8-GenerateAvatar-50,200,OK,w3sd Workflow 1-50,text,true,,292,364,16,16,http://192.168.0.87:5001/api/avatar,3109,1,0,0,1
1655377552780,510083,Workflow-User-50,200,"Number of samples in transaction : 8, number of failing samples : 0",w3sd Workflow 1-50,,true,,3366,2383,16,16,null,510083,1,0,1,1
1655378062249,3047,Op-7-ChangeTextureMaterial-47,200,OK,w3sd Workflow 1-47,text,true,,292,395,15,15,http://192.168.0.87:5001/api/model/character.fbx/texturematerial,3047,1,0,0,0
1655377771310,294649,Op-7-ChangeTextureMaterial-11,200,OK,w3sd Workflow 1-11,text,true,,292,395,15,15,http://192.168.0.87:5001/api/model/character.fbx/texturematerial,294649,1,0,0,0
1655378065296,3109,Op-8-GenerateAvatar-47,200,OK,w3sd Workflow 1-47,text,true,,292,364,15,15,http://192.168.0.87:5001/api/avatar,3109,1,0,0,0
1655377552720,515684,Workflow-User-47,200,"Number of samples in transaction : 8, number of failing samples : 0",w3sd Workflow 1-47,,true,,3366,2383,15,15,null,515684,1,0,1,2
1655378065959,2935,Op-8-GenerateAvatar-11,200,OK,w3sd Workflow 1-11,text,true,,292,364,14,14,http://192.168.0.87:5001/api/avatar,2935,1,0,0,0
1655377552001,516891,Workflow-User-11,200,"Number of samples in transaction : 8, number of failing samples : 0",w3sd Workflow 1-11,,true,,3366,2383,14,14,null,516891,1,0,1,2
1655377697663,373711,Op-4-HideElement-18,200,OK,w3sd Workflow 1-18,text,true,,292,424,13,13,http://192.168.0.87:5001/api/model/character.fbx/hide,373711,1,0,0,0
1655377552383,519632,Op-2-GetAnimations-29,200,OK,w3sd Workflow 1-29,text,true,,296,154,13,13,http://192.168.0.87:5001/api/model/character.fbx/animations,519632,1,0,0,0
1655378071374,3042,Op-5-ShowElement-18,200,OK,w3sd Workflow 1-18,text,true,,292,375,13,13,http://192.168.0.87:5001/api/model/character.fbx/show,3042,1,0,0,0
1655378072016,2999,Op-3-GetItems-29,200,OK,w3sd Workflow 1-29,text,true,,1298,154,13,13,http://192.168.0.87:5001/api/model/character.fbx/assemblies,2999,1,0,0,1
1655378074416,3015,Op-6-ChangeTextureColor-18,200,OK,w3sd Workflow 1-18,text,true,,292,388,13,13,http://192.168.0.87:5001/api/model/character.fbx/texturecolor,3015,1,0,0,0
1655378075016,3072,Op-4-HideElement-29,200,OK,w3sd Workflow 1-29,text,true,,292,424,13,13,http://192.168.0.87:5001/api/model/character.fbx/hide,3072,1,0,0,0
1655378077431,2980,Op-7-ChangeTextureMaterial-18,200,OK,w3sd Workflow 1-18,text,true,,292,395,13,13,http://192.168.0.87:5001/api/model/character.fbx/texturematerial,2980,1,0,0,0
1655378078088,3095,Op-5-ShowElement-29,200,OK,w3sd Workflow 1-29,text,true,,292,375,13,13,http://192.168.0.87:5001/api/model/character.fbx/show,3094,1,0,0,0
1655378034028,49460,Op-4-HideElement-36,200,OK,w3sd Workflow 1-36,text,true,,292,424,13,13,http://192.168.0.87:5001/api/model/character.fbx/hide,49460,1,0,0,1
1655378081183,3252,Op-6-ChangeTextureColor-29,200,OK,w3sd Workflow 1-29,text,true,,292,388,13,13,http://192.168.0.87:5001/api/model/character.fbx/texturecolor,3252,1,0,0,0
1655378080411,6512,Op-8-GenerateAvatar-18,200,OK,w3sd Workflow 1-18,text,true,,292,364,13,13,http://192.168.0.87:5001/api/avatar,6512,1,0,0,0
1655377552141,534781,Workflow-User-18,200,"Number of samples in transaction : 8, number of failing samples : 0",w3sd Workflow 1-18,,true,,3366,2383,13,13,null,534781,1,0,0,0
1655378083488,3438,Op-5-ShowElement-36,200,OK,w3sd Workflow 1-36,text,true,,292,375,12,12,http://192.168.0.87:5001/api/model/character.fbx/show,3438,1,0,0,0
1655378086926,2841,Op-6-ChangeTextureColor-36,200,OK,w3sd Workflow 1-36,text,true,,292,388,12,12,http://192.168.0.87:5001/api/model/character.fbx/texturecolor,2841,1,0,0,0
1655378043745,46234,Op-7-ChangeTextureMaterial-22,200,OK,w3sd Workflow 1-22,text,true,,292,395,12,12,http://192.168.0.87:5001/api/model/character.fbx/texturematerial,46234,1,0,0,1
1655378089767,3015,Op-7-ChangeTextureMaterial-36,200,OK,w3sd Workflow 1-36,text,true,,292,395,12,12,http://192.168.0.87:5001/api/model/character.fbx/texturematerial,3015,1,0,0,0
1655378089979,2861,Op-8-GenerateAvatar-22,200,OK,w3sd Workflow 1-22,text,true,,292,364,12,12,http://192.168.0.87:5001/api/avatar,2861,1,0,0,0
1655377552221,540618,Workflow-User-22,200,"Number of samples in transaction : 8, number of failing samples : 0",w3sd Workflow 1-22,,true,,3366,2383,12,12,null,540618,1,0,0,1
1655378092782,3025,Op-8-GenerateAvatar-36,200,OK,w3sd Workflow 1-36,text,true,,292,364,11,11,http://192.168.0.87:5001/api/avatar,3025,1,0,0,0
1655377552500,543305,Workflow-User-36,200,"Number of samples in transaction : 8, number of failing samples : 0",w3sd Workflow 1-36,,true,,3366,2383,11,11,null,543305,1,0,1,2
1655377791475,304340,Op-6-ChangeTextureColor-45,200,OK,w3sd Workflow 1-45,text,true,,292,388,10,10,http://192.168.0.87:5001/api/model/character.fbx/texturecolor,304340,1,0,0,0
1655377983556,115154,Op-7-ChangeTextureMaterial-6,200,OK,w3sd Workflow 1-6,text,true,,292,395,10,10,http://192.168.0.87:5001/api/model/character.fbx/texturematerial,115154,1,0,0,0
1655378095815,2991,Op-7-ChangeTextureMaterial-45,200,OK,w3sd Workflow 1-45,text,true,,292,395,10,10,http://192.168.0.87:5001/api/model/character.fbx/texturematerial,2990,1,0,0,0
1655378098806,2919,Op-8-GenerateAvatar-45,200,OK,w3sd Workflow 1-45,text,true,,292,364,10,10,http://192.168.0.87:5001/api/avatar,2919,1,0,0,0
1655377552681,549043,Workflow-User-45,200,"Number of samples in transaction : 8, number of failing samples : 0",w3sd Workflow 1-45,,true,,3366,2383,10,10,null,549042,1,0,0,0
1655378098712,3032,Op-8-GenerateAvatar-6,200,OK,w3sd Workflow 1-6,text,true,,292,364,9,9,http://192.168.0.87:5001/api/avatar,3032,1,0,0,0
1655377551901,549841,Workflow-User-6,200,"Number of samples in transaction : 8, number of failing samples : 0",w3sd Workflow 1-6,,true,,3366,2383,9,9,null,549841,1,0,1,2
1655378084435,20444,Op-7-ChangeTextureMaterial-29,200,OK,w3sd Workflow 1-29,text,true,,292,395,8,8,http://192.168.0.87:5001/api/model/character.fbx/texturematerial,20444,1,0,0,0
1655378005287,99601,Op-8-GenerateAvatar-15,200,OK,w3sd Workflow 1-15,text,true,,292,364,8,8,http://192.168.0.87:5001/api/avatar,99601,1,0,0,0
1655377552081,552805,Workflow-User-15,200,"Number of samples in transaction : 8, number of failing samples : 0",w3sd Workflow 1-15,,true,,3366,2383,8,8,null,552805,1,0,1,3
1655378104879,2817,Op-8-GenerateAvatar-29,200,OK,w3sd Workflow 1-29,text,true,,292,364,7,7,http://192.168.0.87:5001/api/avatar,2817,1,0,0,0
1655377552361,555333,Workflow-User-29,200,"Number of samples in transaction : 8, number of failing samples : 0",w3sd Workflow 1-29,,true,,3366,2383,7,7,null,555332,1,0,1,1
1655378008502,99617,Op-3-GetItems-3,200,OK,w3sd Workflow 1-3,text,true,,1298,154,6,6,http://192.168.0.87:5001/api/model/character.fbx/assemblies,99617,1,0,0,0
1655378108119,2741,Op-4-HideElement-3,200,OK,w3sd Workflow 1-3,text,true,,292,424,6,6,http://192.168.0.87:5001/api/model/character.fbx/hide,2741,1,0,0,0
1655377793069,318374,Op-6-ChangeTextureColor-12,200,OK,w3sd Workflow 1-12,text,true,,292,388,6,6,http://192.168.0.87:5001/api/model/character.fbx/texturecolor,318374,1,0,0,0
1655378110861,2855,Op-5-ShowElement-3,200,OK,w3sd Workflow 1-3,text,true,,292,375,6,6,http://192.168.0.87:5001/api/model/character.fbx/show,2855,1,0,0,0
1655378111442,2957,Op-7-ChangeTextureMaterial-12,200,OK,w3sd Workflow 1-12,text,true,,292,395,6,6,http://192.168.0.87:5001/api/model/character.fbx/texturematerial,2957,1,0,0,1
1655378113715,2905,Op-6-ChangeTextureColor-3,200,OK,w3sd Workflow 1-3,text,true,,292,388,6,6,http://192.168.0.87:5001/api/model/character.fbx/texturecolor,2905,1,0,0,1
1655378114399,2983,Op-8-GenerateAvatar-12,200,OK,w3sd Workflow 1-12,text,true,,292,364,6,6,http://192.168.0.87:5001/api/avatar,2983,1,0,0,0
1655377552021,565360,Workflow-User-12,200,"Number of samples in transaction : 8, number of failing samples : 0",w3sd Workflow 1-12,,true,,3366,2383,6,6,null,565360,1,0,1,1
1655378116621,2783,Op-7-ChangeTextureMaterial-3,200,OK,w3sd Workflow 1-3,text,true,,292,395,5,5,http://192.168.0.87:5001/api/model/character.fbx/texturematerial,2783,1,0,0,0
1655377828045,292892,Op-8-GenerateAvatar-34,200,OK,w3sd Workflow 1-34,text,true,,292,364,5,5,http://192.168.0.87:5001/api/avatar,292892,1,0,0,1
1655377552461,568475,Workflow-User-34,200,"Number of samples in transaction : 8, number of failing samples : 0",w3sd Workflow 1-34,,true,,3366,2383,5,5,null,568475,1,0,0,4
1655378119404,2917,Op-8-GenerateAvatar-3,200,OK,w3sd Workflow 1-3,text,true,,292,364,4,4,http://192.168.0.87:5001/api/avatar,2917,1,0,0,0
1655377551841,570478,Workflow-User-3,200,"Number of samples in transaction : 8, number of failing samples : 0",w3sd Workflow 1-3,,true,,3366,2383,4,4,null,570478,1,0,2,1
1655377850099,273634,Op-7-ChangeTextureMaterial-38,200,OK,w3sd Workflow 1-38,text,true,,292,395,3,3,http://192.168.0.87:5001/api/model/character.fbx/texturematerial,273634,1,0,0,0
1655378019144,106778,Op-6-ChangeTextureColor-25,200,OK,w3sd Workflow 1-25,text,true,,292,388,3,3,http://192.168.0.87:5001/api/model/character.fbx/texturecolor,106778,1,0,0,1
1655378123732,2999,Op-8-GenerateAvatar-38,200,OK,w3sd Workflow 1-38,text,true,,292,364,3,3,http://192.168.0.87:5001/api/avatar,2999,1,0,0,0
1655377552540,574189,Workflow-User-38,200,"Number of samples in transaction : 8, number of failing samples : 0",w3sd Workflow 1-38,,true,,3366,2383,3,3,null,574189,1,0,2,1
1655378125922,2811,Op-7-ChangeTextureMaterial-25,200,OK,w3sd Workflow 1-25,text,true,,292,395,2,2,http://192.168.0.87:5001/api/model/character.fbx/texturematerial,2811,1,0,0,0
1655378046891,83017,Op-4-HideElement-4,200,OK,w3sd Workflow 1-4,text,true,,292,424,2,2,http://192.168.0.87:5001/api/model/character.fbx/hide,83017,1,0,0,0
1655378128733,2937,Op-8-GenerateAvatar-25,200,OK,w3sd Workflow 1-25,text,true,,292,364,2,2,http://192.168.0.87:5001/api/avatar,2937,1,0,0,1
1655377552280,579389,Workflow-User-25,200,"Number of samples in transaction : 8, number of failing samples : 0",w3sd Workflow 1-25,,true,,3366,2383,2,2,null,579389,1,0,1,3
1655378129908,2724,Op-5-ShowElement-4,200,OK,w3sd Workflow 1-4,text,true,,292,375,1,1,http://192.168.0.87:5001/api/model/character.fbx/show,2724,1,0,0,0
1655378132633,2653,Op-6-ChangeTextureColor-4,200,OK,w3sd Workflow 1-4,text,true,,292,388,1,1,http://192.168.0.87:5001/api/model/character.fbx/texturecolor,2653,1,0,0,0
1655378135286,2691,Op-7-ChangeTextureMaterial-4,200,OK,w3sd Workflow 1-4,text,true,,292,395,1,1,http://192.168.0.87:5001/api/model/character.fbx/texturematerial,2691,1,0,0,0
1655378137978,2589,Op-8-GenerateAvatar-4,200,OK,w3sd Workflow 1-4,text,true,,292,364,1,1,http://192.168.0.87:5001/api/avatar,2589,1,0,0,0
1655377551861,588703,Workflow-User-4,200,"Number of samples in transaction : 8, number of failing samples : 0",w3sd Workflow 1-4,,true,,3366,2383,1,1,null,588703,1,0,2,0
